5682,Alden Dziedzic,M,49,20151222,Africa,NULL,Student, other
3519,Jordan Flippo,M,30,20150925,Europe,NULL,Senior Scientist
8933,Andreas Soliz,M,20,20160511,Asia Pacific,NULL,Research Scientist
8901,Aldo Stepney,M,21,20150223,Africa,20160609,Student, other
7867,Susana Bottom,F,63,20150901,Europe,20151115,Student, other
3196,Gino Marguez,M,20,20150719,Africa,NULL,Senior Scientist
2963,Brynn Chase,F,36,20161122,Africa,NULL,PhD Student
7222,Mellisa Mcmurtrie,F,32,20160717,Asia Pacific,NULL,Senior Scientist
5700,Terry Mestas,M,65,20150708,North America,NULL,Senior Scientist
3402,Jackson Pehrson,M,30,20151115,Asia Pacific,NULL,Research Scientist
9424,Lurlene Payeur,F,59,20160406,North America,NULL,Senior Scientist
1885,Ahmed Sera,M,48,20161013,North America,NULL,Student, other
9591,Pennie Ruehl  ,F,35,20150811,North America,NULL,PhD Student
2631,Nancey Tedrick,F,62,20160815,Asia Pacific,NULL,Senior Scientist
7979,Ilene Gatling,F,47,20160308,Europe,20160309,Senior Scientist
2398,Rocky Strassburg,M,39,20150812,Africa,20160925,PhD Student
9767,Moses Schlosser,M,37,20160628,Asia Pacific,NULL,Senior Scientist
2218,Evelyn Wren,F,58,20160425,Europe,NULL,Senior Scientist
1189,Cleveland Meagher,M,63,20160208,North America,NULL,Librarian
1487,Lamar Price,M,22,20150506,Europe,20150615,Research Scientist
1078,Bill Grillo,M,28,20161107,Asia Pacific,NULL,Student, other
7253,Blake Takahashi,M,63,20150927,North America,NULL,Research Scientist
3951,Clare Christiano,F,36,20151019,North America,NULL,PhD Student
8788,Bret Kuo,M,56,20161211,North America,NULL,Student, other
5815,Benedict Archibald,M,34,20160411,Asia Pacific,NULL,Senior Scientist
2745,Adaline Mcclenny,F,39,20160320,Africa,NULL,PhD Student
2359,Lyman Drey,N,32,20160617,Africa,NULL,Senior Scientist
8601,Carlo Dennie,M,55,20150424,Europe,20150426,Research Scientist
6302,Danita Mackay,F,41,20160215,Europe,NULL,Student, other
5866,Hubert Bady,M,59,20150704,North America,NULL,Librarian
7118,Jess Fortino,M,40,20160622,Africa,NULL,PhD Student
1378,Abe Lanoue,M,41,20150321,Africa,20160117,Research Scientist
835,Deshawn Gautreaux,M,38,20160903,Africa,NULL,Student, other
1801,Martha Latch,F,53,20150520,North America,20160323,Research Scientist
1156,Chanel Shambo,F,47,20160923,North America,NULL,Research Scientist
682,Rod Daquila,M,47,20150929,Asia Pacific,NULL,Librarian
743,Lavonne Taubman,F,18,20160629,Asia Pacific,NULL,PhD Student
7351,Rosio Rodi,F,37,20150302,Europe,NULL,Senior Scientist
1737,Vincenzo Whitefield,M,21,20160214,Asia Pacific,NULL,PhD Student
6337,Latesha Desilva,F,63,20161110,Europe,NULL,Research Scientist
3289,Lawerence Emmick,M,42,20150613,Africa,NULL,PhD Student
3779,Gregory Dinkel,M,57,20151125,North America,NULL,Research Scientist
2889,Quincy Wojciechowski,M,24,20150101,North America,20151231,Student, other
615,Ida Wagar,F,42,20150918,North America,NULL,Librarian
6829,Dale Dupre,M,19,20161020,North America,NULL,PhD Student
7226,Veronica Saam,F,49,20160825,Africa,20160829,PhD Student
4199,Laurel Mccargo,F,29,20150726,Africa,20150727,PhD Student
1560,Tom Ullery,M,47,20150830,Africa,NULL,Student, other
9439,Buena Brasfield,F,21,20160806,Asia Pacific,NULL,Research Scientist
9044,Sharda Gillooly,F,19,20150320,Asia Pacific,NULL,Senior Scientist
6926,Marta Nebeker,F,31,20150901,North America,NULL,PhD Student
9465,Kira Wheatley,F,24,20150927,Africa,NULL,Student, other
165,Abraham Ore,M,51,20161001,North America,NULL,Librarian
8343,Shasta Metro,F,26,20160401,Africa,NULL,Librarian
3130,Markus Mattinson,M,28,20160722,Africa,NULL,Librarian
3287,Ellsworth Laughter,N,56,20151018,North America,NULL,Librarian
8943,Lisette Borkholder,F,44,20160603,Asia Pacific,NULL,Student, other
3024,Haywood Rebello,M,52,20140930,North America,20141115,Senior Scientist
3030,Eloy Holliday,M,64,20160627,North America,NULL,Senior Scientist
7690,Weston Brennen,M,56,20150605,North America,NULL,Research Scientist
9606,Alexander Morano,M,49,20160501,Europe,NULL,Research Scientist
872,Ella Keogh,F,34,20150508,Europe,20150822,Senior Scientist
7573,Chau Grate,F,39,20150728,North America,NULL,PhD Student
8287,Verena Hazard,F,47,20151123,Africa,NULL,PhD Student
9535,Jamee Kuhns,F,34,20150828,Europe,NULL,Senior Scientist
3892,Adena Mccallum,F,24,20151110,North America,NULL,PhD Student
7543,Mittie Natal,F,54,20160504,Asia Pacific,NULL,Student, other
9263,Lessie Balderas,F,57,NULL,North America,NULL,Student, other
2094,Valentin Highland,M,40,20160430,Europe,20160505,Research Scientist
9863,Delaine Laiche,F,53,20151222,North America,NULL,Senior Scientist
6504,Ramon Poole,M,51,20160705,North America,NULL,Librarian
5656,Tommie Buteau,M,65,20151222,North America,NULL,Librarian
631,Janice Kosloski,F,51,20160431,North America,NULL,Senior Scientist
3660,Winston Arriaga,M,40,20160209,Asia Pacific,NULL,PhD Student
2917,Carol Piland,M,61,20161021,North America,NULL,PhD Student
3275,Margarito Haley,M,36,20160706,Africa,20161010,Senior Scientist
3851,Claudio Zylstra,M,33,20150818,Asia Pacific,NULL,Senior Scientist
745,Britney Stejskal,F,47,20150522,North America,NULL,Senior Scientist
4187,Brandi Stephen,F,59,20161105,Europe,NULL,Research Scientist
3863,Catina Garton,F,63,20160111,Asia Pacific,NULL,Senior Scientist
7604,Nelida Rain,F,18,20160930,North America,NULL,Librarian
1231,Terrance Whipple,M,54,20160224,North America,NULL,Librarian
1859,Modesto O'Nan,M,46,20150620,North America,NULL,PhD Student
6830,Raisa Christmas,F,42,20160503,Asia Pacific,NULL,PhD Student
8062,Alanna Hare,F,27,20160112,Europe,NULL,PhD Student
2174,Tanesha Hermanson,F,36,20151203,Asia Pacific,NULL,Student, other
7673,Shanell Rowlette,F,54,20161231,Africa,NULL,Senior Scientist
2135,Curtis Harriott,M,38,20151227,North America,NULL,Senior Scientist
4390,Gerry Jarmon,M,42,20150922,North America,NULL,Student, other
9107,Lindsay Cesare,M,23,20150825,North America,NULL,Research Scientist
2864,Rufus Privette,M,25,20151211,North America,NULL,Librarian
9662,Landon Wilding,M,39,20160112,Asia Pacific,NULL,Librarian
6604,Eusebio Sao,M,45,20150331,Africa,NULL,Senior Scientist
1606,Pamela Purdue,F,NULL,20160326,Europe,20160326,Senior Scientist
5256,Houston Mcglinchey,M,29,20160520,Asia Pacific,NULL,Librarian
1679,Jan Ellman,M,30,20151002,Asia Pacific,NULL,Librarian
9142,Almeda Cohee,F,37,20151003,North America,NULL,PhD Student
9609,Elwood Wiltz,M,46,20150621,Europe,NULL,Research Scientist
2834,Hong Stoodley,M,56,20160709,Europe,NULL,Research Scientist
4296,Lady Andrzejewski,F,32,20160929,Asia Pacific,NULL,Research Scientist
